"文件名","外链地址"
"blogimg/image-20240113231550895.png","http://s76utvw8r.sabkt.gdipper.com/blogimg/image-20240113231550895.png"
"blogimg/image-20240113232443627.png","http://s76utvw8r.sabkt.gdipper.com/blogimg/image-20240113232443627.png"
"blogimg/image-20240113232959053.png","http://s76utvw8r.sabkt.gdipper.com/blogimg/image-20240113232959053.png"
"blogimg/image-20240114004622139.png","http://s76utvw8r.sabkt.gdipper.com/blogimg/image-20240114004622139.png"
"blogimg/image-20240114004807165.png","http://s76utvw8r.sabkt.gdipper.com/blogimg/image-20240114004807165.png"
"blogimg/image-20240114005501784.png","http://s76utvw8r.sabkt.gdipper.com/blogimg/image-20240114005501784.png"
"blogimg/image-20240114010325138.png","http://s76utvw8r.sabkt.gdipper.com/blogimg/image-20240114010325138.png"
"blogimg/image-20240114010919955.png","http://s76utvw8r.sabkt.gdipper.com/blogimg/image-20240114010919955.png"
"blogimg/image-20240114011123843.png","http://s76utvw8r.sabkt.gdipper.com/blogimg/image-20240114011123843.png"
"blogimg/image-20240114011242968.png","http://s76utvw8r.sabkt.gdipper.com/blogimg/image-20240114011242968.png"
"blogimg/image-20240114011303571.png","http://s76utvw8r.sabkt.gdipper.com/blogimg/image-20240114011303571.png"
"blogimg/image-20240114011406647.png","http://s76utvw8r.sabkt.gdipper.com/blogimg/image-20240114011406647.png"
"blogimg/image-20240114011456609.png","http://s76utvw8r.sabkt.gdipper.com/blogimg/image-20240114011456609.png"
"blogimg/image-20240114011657224.png","http://s76utvw8r.sabkt.gdipper.com/blogimg/image-20240114011657224.png"
"blogimg/image-20240114012807046.png","http://s76utvw8r.sabkt.gdipper.com/blogimg/image-20240114012807046.png"
"blogimg/image-20240114012819416.png","http://s76utvw8r.sabkt.gdipper.com/blogimg/image-20240114012819416.png"
"blogimg/image-20240114012954804.png","http://s76utvw8r.sabkt.gdipper.com/blogimg/image-20240114012954804.png"
"blogimg/image-20240114013017068.png","http://s76utvw8r.sabkt.gdipper.com/blogimg/image-20240114013017068.png"
"blogimg/image-20240114013141719.png","http://s76utvw8r.sabkt.gdipper.com/blogimg/image-20240114013141719.png"
"blogimg/image-20240114013350317.png","http://s76utvw8r.sabkt.gdipper.com/blogimg/image-20240114013350317.png"
"blogimg/image-20240114013524391.png","http://s76utvw8r.sabkt.gdipper.com/blogimg/image-20240114013524391.png"
"blogimg/image-20240114014257973.png","http://s76utvw8r.sabkt.gdipper.com/blogimg/image-20240114014257973.png"